PLAYER_ID,LEAGUE_ID,Team_ID,GP,GS,MIN,FGM,FGA,FG_PCT,FG3M,FG3A,FG3_PCT,FTM,FTA,FT_PCT,OREB,DREB,REB,AST,STL,BLK,TOV,PF,PTS
1630173,00,0,134,32,2462.0,389,831,0.46811,56,157,0.356687,134,241,0.556016,219,462,681,111,57,69,127,242,968
203500,00,0,664,599,17811.0,2556,4356,0.586776,1,14,0.071428,1044,1907,0.547456,2385,2918,5303,982,588,629,950,1650,6157
1628389,00,0,343,239,9666.0,1756,3145,0.558346,7,50,0.14,1098,1481,0.74139,738,2112,2850,1189,340,309,708,839,4617
1630583,00,0,32,0,360.0,53,132,0.401515,6,48,0.125,20,32,0.625,33,54,87,21,6,10,16,36,132
200746,00,0,1076,997,36242.0,8311,16872,0.492591,227,710,0.319718,3709,4563,0.812842,2776,5960,8736,2076,758,1187,1643,2598,20558
1629638,00,0,158,35,3064.0,543,1404,0.386752,227,690,0.328985,154,212,0.726415,59,356,415,347,110,53,216,248,1467
1628960,00,0,192,101,4199.0,612,1412,0.433427,355,903,0.393133,227,270,0.84074,62,428,490,285,108,34,157,267,1806
1628386,00,0,341,276,9062.0,1538,2457,0.625966,18,95,0.189473,851,1218,0.698686,939,2025,2964,467,187,465,456,686,3945
1630631,00,0,54,1,834.0,131,294,0.445578,32,110,0.290909,36,53,0.679245,25,75,100,152,71,7,40,73,330
203937,00,0,505,248,10584.0,1317,2765,0.476311,212,634,0.334384,520,731,0.711354,374,1846,2220,1167,510,298,483,753,3366
203507,00,0,656,591,21354.0,5188,9702,0.534735,447,1550,0.288387,3498,4873,0.717832,1119,5030,6149,3020,764,856,1884,1969,14321
203648,00,0,127,11,1159.0,164,317,0.51735,9,54,0.166666,61,112,0.544642,106,144,250,83,45,24,81,162,398
2546,00,0,1260,1120,43514.0,10119,22643,0.446893,1731,4873,0.355222,6320,7764,0.814013,1983,5825,7808,3422,1223,644,3052,3543,28289
1630175,00,0,112,99,3332.0,576,1464,0.393442,190,563,0.337477,325,384,0.846354,70,499,569,561,76,35,276,269,1667
1628384,00,0,301,227,8061.0,1190,2532,0.469984,448,1205,0.371784,316,446,0.70852,310,936,1246,429,331,138,334,682,3144
1627853,00,0,217,36,3722.0,349,808,0.43193,173,462,0.374458,134,166,0.807228,53,376,429,460,115,7,126,337,1005
201571,00,0,976,334,22852.0,2994,7270,0.411829,1262,3311,0.381153,2009,2317,0.867069,292,1513,1805,3761,567,32,1428,1350,9259
1630166,00,0,136,40,3241.0,380,891,0.426487,135,427,0.316159,132,181,0.729281,74,613,687,230,91,59,120,330,1027
1629028,00,0,236,229,7246.0,1691,2822,0.59922,14,56,0.25,447,593,0.753794,747,1738,2485,380,168,246,400,664,3843
1628962,00,0,32,6,252.0,41,58,0.706896,0,0,0.0,14,21,0.666666,22,62,84,0,2,15,15,34,96
1628963,00,0,166,77,4159.0,906,1809,0.500829,94,323,0.291021,350,528,0.662878,402,822,1224,151,82,110,214,356,2256
1630163,00,0,126,106,3891.0,831,1926,0.431464,312,826,0.377723,337,408,0.82598,171,632,803,884,200,48,390,373,2311
1628366,00,0,252,239,8187.0,1117,2790,0.400358,595,1633,0.36436,166,287,0.578397,262,1185,1447,1563,391,162,637,547,2995
1628964,00,0,226,75,4193.0,687,1447,0.474775,203,576,0.35243,170,248,0.685483,388,984,1372,201,88,326,198,487,1747
1630217,00,0,144,93,3785.0,742,1600,0.46375,345,794,0.434508,180,204,0.882352,77,467,544,326,133,45,170,321,2009
1630625,00,0,64,1,696.0,83,202,0.410891,13,51,0.254901,26,44,0.590909,38,86,124,99,28,10,53,68,205
203084,00,0,747,686,23763.0,3800,8380,0.45346,1002,2644,0.378971,1964,2442,0.804258,763,3054,3817,1376,522,142,930,1186,10566
1630567,00,0,74,74,2617.0,459,932,0.492489,58,193,0.300518,158,215,0.734883,195,362,557,256,80,55,136,192,1134
1629628,00,0,198,197,6633.0,1246,2981,0.41798,325,910,0.357142,652,936,0.696581,184,917,1101,568,151,53,414,452,3469
203115,00,0,623,284,16123.0,2686,6197,0.433435,827,2336,0.354023,1047,1330,0.787218,456,2199,2655,1705,476,259,900,994,7246
1629646,00,0,23,0,168.0,30,47,0.638297,0,4,0.0,9,12,0.75,22,40,62,7,5,17,8,32,69
1628966,00,0,163,17,2449.0,326,706,0.461756,69,227,0.303964,132,185,0.713513,112,378,490,100,75,57,83,144,853
201587,00,0,915,806,28029.0,3615,8269,0.437174,1465,4038,0.362803,1454,1738,0.836593,914,3793,4707,3215,874,579,1542,1580,10149
203145,00,0,657,310,13546.0,1929,4668,0.413239,694,1947,0.356445,862,1190,0.724369,237,1835,2072,1154,658,309,905,1338,5414
1629647,00,0,185,117,4768.0,672,1656,0.405797,212,696,0.304597,285,410,0.695121,152,926,1078,237,110,136,257,183,1841
203078,00,0,645,611,22418.0,5180,11357,0.456106,1434,3851,0.37237,2437,2968,0.821091,560,2081,2641,2701,727,251,1563,1435,14231
1627736,00,0,336,87,7025.0,1278,2972,0.430013,675,1749,0.385934,257,315,0.815873,126,699,825,418,190,44,247,389,3488
202722,00,0,387,39,7379.0,1025,2416,0.424254,754,1893,0.398309,361,420,0.859523,128,917,1045,392,168,147,222,661,3165
201976,00,0,526,438,14410.0,1627,3932,0.413784,832,2203,0.377666,568,751,0.756324,592,1651,2243,1839,602,271,667,1632,4654
1630180,00,0,152,135,4613.0,729,1827,0.399014,386,1070,0.360747,334,401,0.832917,150,609,759,328,125,30,156,238,2178
203920,00,0,262,75,4664.0,518,1000,0.518,13,68,0.191176,310,445,0.696629,536,680,1216,267,131,149,145,436,1359
1629048,00,0,149,21,1762.0,284,596,0.47651,51,201,0.253731,133,188,0.707446,164,269,433,115,40,139,91,266,752
202687,00,0,738,310,14720.0,1460,2754,0.530137,0,3,0.0,894,1584,0.564393,1455,3027,4482,442,188,952,673,1619,3814
202357,00,0,449,162,9172.0,1279,2746,0.465768,498,1296,0.384259,356,469,0.759061,486,1565,2051,825,288,184,459,1058,3412
202339,00,0,756,568,21020.0,3689,8169,0.451585,854,2545,0.335559,2116,2698,0.784284,570,2367,2937,3545,1028,344,1888,1493,10348
1629833,00,0,48,1,424.0,39,131,0.297709,23,80,0.2875,6,11,0.545454,19,36,55,23,15,1,22,37,107
203992,00,0,316,151,9042.0,1651,3760,0.439095,742,1934,0.38366,457,556,0.821942,146,937,1083,1073,325,73,468,678,4501
202711,00,0,603,486,17519.0,3133,6861,0.456638,1233,3144,0.392175,1544,1793,0.861126,323,1861,2184,945,334,42,969,977,9043
1629626,00,0,53,2,327.0,54,113,0.477876,14,37,0.378378,20,30,0.666666,9,54,63,18,6,18,27,29,142
1630195,00,0,35,2,241.0,17,54,0.314814,5,18,0.277777,11,13,0.846153,16,27,43,21,6,0,13,26,50
1629067,00,0,143,57,1870.0,156,361,0.432132,39,130,0.3,88,116,0.75862,102,218,320,118,73,37,88,238,439
1626164,00,0,477,452,16072.0,3926,8598,0.456617,978,2739,0.357064,2387,2744,0.869897,246,1619,1865,2228,398,128,1492,1409,11217
1630527,00,0,51,0,760.0,125,325,0.384615,34,111,0.306306,59,72,0.819444,17,94,111,51,26,13,31,43,343
1628449,00,0,231,23,4126.0,731,1513,0.483146,208,620,0.335483,406,517,0.785299,419,813,1232,116,112,271,123,485,2076
1630547,00,0,31,0,304.0,49,141,0.347517,17,49,0.346938,27,31,0.870967,22,30,52,26,7,1,15,29,142
202340,00,0,660,544,18152.0,2914,6716,0.433889,859,2353,0.365065,592,756,0.783068,397,1466,1863,1105,655,128,868,1427,7279
1628396,00,0,167,18,1961.0,340,536,0.634328,3,7,0.428571,90,134,0.671641,276,442,718,89,41,98,100,245,773
1629649,00,0,64,1,838.0,122,293,0.416382,39,124,0.314516,35,51,0.686274,36,86,122,58,14,7,31,73,318
1628969,00,0,309,242,9661.0,1310,2574,0.508935,424,1134,0.373897,439,528,0.831439,272,940,1212,639,403,183,268,630,3483
1628970,00,0,291,188,8461.0,1465,3100,0.47258,434,1255,0.345816,529,654,0.808868,326,1315,1641,656,213,216,401,579,3893
1629052,00,0,107,41,2218.0,294,693,0.424242,119,330,0.360606,172,239,0.719665,146,353,499,97,67,50,71,166,879
1627763,00,0,333,258,10052.0,1925,4153,0.46352,522,1388,0.37608,787,893,0.881298,272,1126,1398,1596,285,77,593,649,5159
1629717,00,0,74,16,1364.0,176,481,0.365904,134,406,0.330049,25,33,0.757575,30,141,171,92,40,16,49,108,511
1628415,00,0,272,245,7674.0,1483,3519,0.421426,430,1236,0.347896,559,700,0.798571,208,621,829,546,260,82,436,903,3955
1628971,00,0,269,181,6309.0,814,1690,0.481656,112,342,0.327485,316,424,0.745283,320,833,1153,573,238,145,256,661,2056
1627759,00,0,403,296,11559.0,2474,5232,0.472859,720,1929,0.37325,976,1370,0.712408,362,1632,1994,822,381,146,752,1007,6644
1629650,00,0,92,38,1297.0,214,386,0.554404,0,0,0.0,124,206,0.601941,196,336,532,12,39,64,66,153,552
1628425,00,0,264,29,4435.0,531,1263,0.420427,248,681,0.36417,121,152,0.796052,151,732,883,266,137,47,177,375,1431
1630535,00,0,48,6,640.0,81,190,0.426315,19,61,0.311475,44,65,0.676923,38,97,135,35,26,24,36,90,225
1629718,00,0,41,3,370.0,29,101,0.287128,9,42,0.214285,23,25,0.92,19,34,53,17,16,8,14,40,90
1630602,00,0,5,2,104.0,10,32,0.3125,6,18,0.333333,5,6,0.833333,1,15,16,4,2,0,1,7,31
1628972,00,0,221,39,4090.0,540,1258,0.429252,152,451,0.337028,176,233,0.755364,170,666,836,353,152,23,156,299,1408
1628973,00,0,277,127,6835.0,1279,2588,0.494204,281,753,0.373173,447,559,0.799642,117,726,843,1034,160,12,358,461,3286
1628418,00,0,170,108,3425.0,696,1180,0.58983,92,263,0.349809,249,326,0.763803,258,713,971,219,61,147,145,309,1733
203493,00,0,434,239,9775.0,1215,2843,0.427365,701,1820,0.385164,251,298,0.842281,150,945,1095,524,252,63,255,588,3382
203504,00,0,498,130,10401.0,1847,4500,0.410444,564,1637,0.344532,534,659,0.810318,164,714,878,1522,274,52,555,641,4792
202692,00,0,625,135,14378.0,2231,5342,0.417633,664,1749,0.379645,1523,1905,0.799475,370,1840,2210,1264,438,132,768,1184,6649
1630215,00,0,42,1,360.0,61,151,0.403973,28,88,0.318181,11,16,0.6875,5,40,45,63,17,8,33,47,161
202710,00,0,690,585,22863.0,3971,8631,0.460085,556,1732,0.321016,3724,4427,0.841201,1070,2588,3658,2836,1127,323,1122,996,12222
1629719,00,0,36,1,228.0,41,66,0.621212,0,0,0.0,9,18,0.5,22,57,79,8,13,11,8,24,91
203484,00,0,683,541,19972.0,2826,6716,0.420786,1160,3225,0.359689,1099,1352,0.812869,423,1725,2148,1150,748,154,700,1254,7911
1630267,00,0,130,23,2609.0,227,611,0.371522,134,409,0.327628,140,169,0.828402,45,206,251,452,142,37,140,256,728
1628427,00,0,70,2,503.0,62,128,0.484375,17,51,0.333333,23,31,0.741935,24,67,91,34,14,6,26,43,164
1629962,00,0,13,0,219.0,26,72,0.361111,21,53,0.396226,11,14,0.785714,1,10,11,11,10,4,7,18,84
203991,00,0,471,410,12614.0,2549,4084,0.624142,0,3,0.0,753,1429,0.526941,1665,3358,5023,465,328,713,529,1149,5851
1630176,00,0,26,5,159.0,25,49,0.510204,1,7,0.142857,15,24,0.625,14,25,39,2,3,6,8,17,66
1628975,00,0,223,9,3144.0,349,904,0.386061,218,569,0.383128,68,84,0.809523,74,312,386,320,126,51,115,264,984
1628976,00,0,203,192,5593.0,952,1855,0.513207,97,326,0.297546,475,650,0.730769,497,1306,1803,404,130,179,332,629,2476
1627936,00,0,225,37,4631.0,482,1141,0.422436,174,476,0.365546,248,337,0.735905,116,457,573,601,252,67,270,418,1386
1630551,00,0,36,0,281.0,31,67,0.462686,10,28,0.357142,9,9,1.0,37,35,72,11,8,4,8,32,81
1629185,00,0,91,4,1038.0,112,317,0.353312,59,172,0.343023,20,25,0.8,22,95,117,217,42,11,81,90,303
1627737,00,0,292,147,5338.0,830,1822,0.455543,161,555,0.29009,385,577,0.667244,362,1004,1366,298,187,227,348,738,2206
1630528,00,0,74,2,1334.0,224,500,0.448,56,189,0.296296,83,113,0.734513,52,134,186,150,65,13,114,97,587
1629109,00,0,170,19,2239.0,177,504,0.35119,139,427,0.325526,31,37,0.837837,117,314,431,84,52,62,44,148,524
1629634,00,0,181,21,3961.0,840,1421,0.591133,48,163,0.294478,248,355,0.698591,324,691,1015,262,131,167,122,306,1976
203903,00,0,600,142,16190.0,3495,7954,0.439401,1072,3169,0.338277,1154,1395,0.82724,501,1470,1971,1526,515,88,998,1013,9216
1629651,00,0,94,20,1755.0,295,457,0.645514,2,12,0.166666,96,178,0.539325,153,321,474,87,48,99,65,192,688
1629599,00,0,131,32,2121.0,279,623,0.447833,125,329,0.379939,134,166,0.807228,40,217,257,160,53,17,68,137,817
1628381,00,0,293,242,8487.0,1900,3396,0.559481,277,736,0.376358,760,975,0.779487,722,1719,2441,455,167,304,444,909,4837
1628380,00,0,182,16,3193.0,412,912,0.451754,96,294,0.32653,179,241,0.742738,225,542,767,200,60,125,194,410,1099
201144,00,0,958,922,30618.0,5042,11482,0.439122,1489,3899,0.381892,2648,3231,0.81956,456,2416,2872,5407,1363,197,1900,1892,14221
1626192,00,0,417,35,7717.0,910,2045,0.444987,464,1272,0.364779,185,232,0.797413,286,1106,1392,521,197,118,223,485,2469
1629076,00,0,65,3,691.0,100,153,0.653594,1,2,0.5,45,75,0.6,50,112,162,21,15,6,31,68,246
1630536,00,0,13,0,39.0,3,14,0.214285,1,6,0.166666,0,0,0.0,0,5,5,5,0,0,5,1,7
202326,00,0,654,561,19509.0,4562,9924,0.459693,426,1288,0.330745,3252,4411,0.737247,1692,4972,6664,1979,874,742,2149,2421,12802
203496,00,0,537,460,16064.0,2090,5142,0.406456,1190,3301,0.360496,852,1048,0.812977,490,2632,3122,803,861,527,818,1596,6222
1628470,00,0,300,93,5603.0,655,1436,0.456128,239,724,0.33011,149,215,0.693023,335,751,1086,284,146,160,181,607,1698
203109,00,0,735,406,18561.0,2424,5808,0.417355,1146,3310,0.346223,1062,1366,0.777452,504,2637,3141,1182,736,254,640,1522,7056
1629633,00,0,134,42,2343.0,350,872,0.401376,91,321,0.283489,99,199,0.497487,117,247,364,167,94,52,129,225,890
1630595,00,0,64,64,2088.0,429,1031,0.4161,114,363,0.314049,142,168,0.845238,58,296,354,356,78,43,234,200,1114
203552,00,0,377,199,9489.0,1555,3263,0.476555,730,1661,0.439494,405,474,0.85443,119,724,843,832,274,53,425,623,4245
201939,00,0,826,820,28361.0,6875,14520,0.473484,3117,7290,0.427572,3197,3520,0.908238,553,3285,3838,5388,1367,187,2598,1981,20064
203076,00,0,604,599,20805.0,5375,10434,0.515142,292,964,0.302904,3348,4217,0.793929,1518,4644,6162,1414,824,1413,1179,1419,14390
202334,00,0,722,106,13757.0,1773,3128,0.566815,0,4,0.0,745,1277,0.583398,1590,3026,4616,539,349,566,532,1749,4291
1629056,00,0,163,19,2820.0,507,1159,0.437446,241,658,0.366261,132,158,0.835443,81,404,485,238,108,39,172,291,1387
201942,00,0,957,945,32790.0,7133,15349,0.46472,410,1424,0.287921,5193,6202,0.83731,708,3519,4227,3729,935,280,1986,2162,19869
203473,00,0,477,209,8471.0,1210,2294,0.527462,175,518,0.337837,461,627,0.735247,750,2086,2836,332,249,390,471,1215,3056
1628978,00,0,201,91,4752.0,653,1573,0.41513,310,894,0.346756,193,252,0.765873,203,730,933,506,218,49,272,332,1809
1628977,00,0,207,44,3917.0,692,1457,0.474948,71,256,0.277343,293,462,0.634199,210,603,813,227,170,60,208,455,1748
203476,00,0,597,208,12269.0,1691,3383,0.499852,175,477,0.366876,913,1154,0.791161,1021,2406,3427,784,464,535,655,1282,4470
203915,00,0,387,184,10207.0,1630,3963,0.411304,553,1716,0.322261,1229,1554,0.790862,178,989,1167,1933,260,104,669,899,5042
1629029,00,0,264,264,8928.0,2375,5195,0.45717,732,2172,0.337016,1480,2007,0.737419,274,1982,2256,2102,278,111,1080,587,6962
1629652,00,0,139,131,4029.0,626,1583,0.395451,273,821,0.332521,325,408,0.796568,100,382,482,203,122,41,189,380,1850
1630245,00,0,77,40,2110.0,278,535,0.519626,70,186,0.376344,53,78,0.679487,27,187,214,256,60,29,108,182,679
201609,00,0,888,530,24733.0,4464,9694,0.460491,1098,3036,0.36166,2177,2838,0.767089,627,2108,2735,4254,863,163,2001,2054,12203
203083,00,0,718,630,21267.0,4190,7765,0.5396,15,114,0.131578,1543,3263,0.472877,3253,6266,9519,1003,976,1055,1411,2248,9938
1630537,00,0,55,39,1541.0,268,621,0.431561,94,255,0.368627,90,112,0.803571,41,185,226,114,56,10,90,95,720
1630561,00,0,22,7,341.0,39,108,0.361111,9,37,0.243243,17,21,0.809523,30,37,67,17,14,7,9,36,104
201142,00,0,939,936,34508.0,8716,17577,0.495875,1770,4611,0.383864,6324,7153,0.884104,659,5987,6646,4032,1021,1038,2964,1801,25526
1630162,00,0,144,127,4780.0,1054,2456,0.429153,386,1122,0.344028,431,552,0.780797,121,558,679,486,187,82,350,293,2925
1629035,00,0,72,1,705.0,98,269,0.364312,46,155,0.296774,25,33,0.757575,11,68,79,52,21,5,27,63,267
1630556,00,0,48,23,987.0,110,267,0.411985,48,136,0.352941,16,19,0.842105,44,128,172,31,29,24,42,85,284
1629604,00,0,88,28,1367.0,146,374,0.390374,44,160,0.275,71,99,0.717171,77,182,259,97,41,22,61,143,407
201961,00,0,770,206,16101.0,2233,5441,0.410402,1214,3175,0.382362,510,605,0.842975,238,1405,1643,852,412,66,508,884,6190
203954,00,0,328,328,10240.0,2799,5718,0.489506,389,1152,0.337673,2548,3146,0.809917,764,2968,3732,1080,285,542,1109,1010,8535
202324,00,0,790,503,19202.0,3420,6407,0.533791,38,192,0.197916,1476,2225,0.66337,1933,3675,5608,851,577,939,995,1976,8354
1628981,00,0,119,13,1091.0,157,298,0.526845,6,41,0.146341,59,97,0.608247,101,230,331,66,23,31,77,154,379
1627827,00,0,394,282,10759.0,1187,2662,0.445905,560,1552,0.360824,295,411,0.717761,580,1212,1792,554,316,168,337,853,3229
1630238,00,0,18,0,74.0,9,22,0.40909,6,12,0.5,0,0,0.0,2,18,20,5,0,0,2,7,24
1630201,00,0,91,19,1465.0,199,523,0.380497,84,258,0.325581,60,80,0.75,20,159,179,207,58,11,56,113,542
1627854,00,0,406,167,8314.0,1329,3036,0.437747,706,1711,0.412624,323,394,0.819796,65,638,703,506,156,12,285,572,3687
1630235,00,0,90,6,1068.0,108,226,0.477876,10,53,0.188679,57,67,0.850746,34,109,143,151,39,10,69,65,283
203095,00,0,645,497,18476.0,3312,7436,0.4454,1291,3387,0.381163,1307,1637,0.798411,268,1503,1771,1676,570,98,1040,1554,9222
1628368,00,0,322,308,10325.0,2269,4916,0.461554,364,1139,0.319578,1246,1719,0.72484,169,969,1138,2005,432,142,900,854,6148
1628982,00,0,32,0,290.0,35,103,0.339805,9,43,0.209302,8,15,0.533333,10,18,28,5,11,2,9,25,87
1628365,00,0,131,86,3251.0,593,1317,0.450265,48,183,0.262295,189,267,0.707865,87,338,425,623,147,27,247,256,1423
1629117,00,0,77,6,835.0,99,218,0.454128,27,80,0.3375,51,81,0.629629,80,123,203,33,25,26,47,139,276
1629655,00,0,169,71,2844.0,533,770,0.692207,0,1,0.0,211,321,0.65732,301,443,744,118,69,230,135,366,1277
201568,00,0,728,563,21779.0,3454,8076,0.427686,1426,3732,0.3821,2993,3413,0.876941,501,3009,3510,1414,537,262,885,1305,11327
1629636,00,0,181,177,6044.0,1184,2674,0.442782,384,1016,0.377952,390,445,0.876404,89,375,464,1141,197,17,563,317,3142
1630586,00,0,24,2,239.0,19,44,0.431818,5,20,0.25,5,7,0.714285,21,62,83,17,10,11,6,28,48
1630568,00,0,32,5,389.0,66,147,0.448979,16,49,0.32653,38,61,0.62295,58,42,100,20,9,6,18,55,186
200752,00,0,1064,779,33745.0,6561,14484,0.452982,1153,3299,0.349499,3074,3849,0.798648,1414,4706,6120,2223,1212,780,2208,2456,17349
202331,00,0,737,689,24741.0,5114,11743,0.435493,1852,4845,0.382249,2949,3478,0.847901,644,4091,4735,2641,1268,324,1988,1956,15029
201959,00,0,896,447,21977.0,3351,6471,0.517848,44,171,0.257309,1342,1883,0.712692,2038,3439,5477,880,503,927,989,2256,8088
1630581,00,0,54,54,1700.0,281,670,0.419402,56,213,0.26291,56,79,0.70886,98,323,421,345,51,20,171,88,674
1628983,00,0,243,234,7724.0,1583,3348,0.472819,298,857,0.347724,957,1186,0.806913,160,928,1088,1040,273,161,535,504,4421
1630264,00,0,70,4,681.0,92,169,0.544378,21,50,0.42,55,68,0.808823,49,87,136,38,15,15,26,85,260
203497,00,0,611,519,18301.0,2796,4280,0.653271,0,11,0.0,2000,3134,0.638162,2023,5096,7119,807,412,1357,1008,1579,7592
1629164,00,0,133,11,1609.0,230,590,0.38983,79,251,0.314741,89,122,0.729508,34,177,211,251,54,5,104,130,628
203932,00,0,528,439,15276.0,2605,5663,0.460003,587,1819,0.322704,1090,1552,0.702319,841,2469,3310,1313,389,335,792,1053,6887
201569,00,0,749,570,24259.0,4169,9739,0.428072,1746,4712,0.370543,2179,2689,0.810338,298,1513,1811,2121,641,258,1471,1421,12263
1628984,00,0,240,163,6708.0,990,2663,0.371761,623,1746,0.356815,477,577,0.826689,111,489,600,1203,204,35,400,335,3080
203924,00,0,555,270,14455.0,2181,4823,0.452208,578,1656,0.349033,1389,1921,0.72306,489,1700,2189,747,348,615,617,1263,6329
201980,00,0,819,709,20741.0,2524,5996,0.420947,1561,3908,0.399437,534,664,0.804216,498,2313,2811,1270,846,631,815,1437,7143
203110,00,0,685,535,19511.0,2180,4944,0.440938,571,1812,0.315121,1029,1446,0.711618,748,4002,4750,3733,955,711,1514,1922,5960
203210,00,0,487,165,10136.0,1443,3059,0.471722,388,1059,0.366383,568,724,0.78453,819,1962,2781,445,273,203,518,1284,3842
1630224,00,0,67,67,2138.0,406,954,0.425576,157,458,0.342794,188,236,0.79661,33,193,226,176,44,18,135,103,1157
1629750,00,0,154,49,2461.0,292,553,0.528028,55,164,0.335365,138,178,0.77528,141,299,440,103,119,46,72,220,777
201145,00,0,1051,647,30464.0,4815,10741,0.448282,1089,3213,0.338935,2576,3198,0.805503,908,3594,4502,1625,719,539,1481,2271,13295
1630182,00,0,106,8,1484.0,172,349,0.492836,32,103,0.310679,44,68,0.647058,80,159,239,107,61,17,61,150,420
201933,00,0,724,676,23817.0,5356,10858,0.493276,515,1573,0.327399,3116,4476,0.696157,1440,4514,5954,2994,612,350,1710,1983,14343
1629656,00,0,46,6,786.0,95,235,0.404255,72,189,0.380952,13,19,0.68421,24,70,94,44,31,11,28,72,275
1629060,00,0,147,118,4185.0,751,1574,0.477128,125,347,0.36023,286,367,0.779291,152,614,766,217,104,24,154,278,1913
1630169,00,0,135,97,4440.0,722,1528,0.472513,282,685,0.411678,208,246,0.845528,100,384,484,937,211,77,291,204,1934
1630181,00,0,115,15,2291.0,311,770,0.403896,91,270,0.337037,130,199,0.653266,52,321,373,245,63,23,140,162,843
203501,00,0,586,288,15838.0,2852,6755,0.422205,1253,3505,0.357489,1192,1468,0.811989,196,1454,1650,1095,366,83,622,988,8149
201935,00,0,942,728,32616.0,6920,15651,0.442144,2593,7176,0.361343,7044,8195,0.859548,742,4552,5294,6397,1449,512,3539,2456,23477
203090,00,0,621,372,14019.0,1686,3554,0.474395,378,1182,0.319796,509,816,0.623774,658,1540,2198,572,583,399,521,1265,4259
1629607,00,0,16,0,67.0,15,34,0.441176,5,15,0.333333,7,8,0.875,2,2,4,15,4,1,5,6,42
1626149,00,0,458,29,9863.0,2381,3841,0.61989,9,77,0.116883,1129,1706,0.661781,863,1566,2429,642,252,379,515,983,5900
203914,00,0,468,374,13474.0,2051,4581,0.447718,705,1944,0.362654,719,885,0.812429,284,878,1162,965,547,101,557,837,5526
203925,00,0,414,250,10602.0,1676,3470,0.482997,874,1991,0.438975,358,459,0.779956,238,1106,1344,679,204,80,477,850,4584
202699,00,0,753,633,23619.0,4706,9892,0.475737,1001,2727,0.36707,1900,2294,0.828247,758,3902,4660,1728,557,396,1077,1524,12313
1628404,00,0,296,118,8071.0,1028,2284,0.450087,427,1231,0.346872,435,589,0.738539,253,1448,1701,614,273,104,343,675,2918
1628392,00,0,165,4,2262.0,387,645,0.6,18,47,0.382978,167,245,0.681632,232,418,650,248,85,140,157,368,959
2617,00,0,872,500,21650.0,2659,5433,0.489416,6,62,0.096774,1235,1634,0.755813,1611,4169,5780,733,423,250,809,2058,6559
1630573,00,0,26,0,158.0,23,50,0.46,19,44,0.431818,0,0,0.0,5,24,29,10,1,2,2,7,65
1629637,00,0,194,45,3441.0,594,937,0.633938,27,75,0.36,360,498,0.722891,304,527,831,134,84,148,146,417,1575
1630165,00,0,92,58,2317.0,247,660,0.374242,64,239,0.267782,71,91,0.780219,42,237,279,415,105,45,194,240,629
202330,00,0,734,571,22831.0,3962,8741,0.453266,1022,2752,0.371366,2508,3038,0.825543,558,2744,3302,2576,726,296,1432,1283,11454
1627823,00,0,297,66,4655.0,542,1265,0.428458,249,710,0.350704,256,376,0.680851,241,767,1008,191,115,65,152,322,1589
1626195,00,0,306,46,4691.0,885,1658,0.533775,34,110,0.30909,458,652,0.702453,651,1151,1802,331,128,121,308,509,2262
1629639,00,0,175,33,5294.0,1078,2452,0.439641,398,1034,0.384912,371,436,0.850917,73,748,821,568,113,34,362,242,2925
1627741,00,0,468,297,13675.0,2713,6312,0.429816,1417,3563,0.397698,620,717,0.864714,348,1655,2003,1180,383,136,822,989,7463
1629312,00,0,24,1,203.0,20,56,0.357142,10,33,0.30303,2,7,0.285714,10,21,31,8,3,3,4,14,52
201588,00,0,869,483,23668.0,3299,7227,0.456482,1032,2713,0.38039,1683,2086,0.806807,518,2128,2646,2697,780,227,1057,1704,9313
1630792,00,0,19,0,212.0,24,52,0.461538,13,36,0.361111,11,14,0.785714,11,24,35,8,7,3,3,24,72
1630207,00,0,23,0,96.0,15,43,0.348837,4,19,0.210526,7,10,0.7,1,8,9,8,7,2,6,8,41
1628988,00,0,245,56,4460.0,659,1599,0.412132,236,633,0.372827,242,288,0.840277,66,368,434,588,164,51,261,377,1796
201950,00,0,839,760,27816.0,5359,11643,0.460276,1170,3220,0.363354,1698,2187,0.776406,759,2602,3361,5373,1267,430,2275,1871,13586
203200,00,0,576,285,14149.0,1745,4381,0.39831,979,2683,0.36489,536,654,0.819571,221,1479,1700,860,559,255,508,955,5005
1626158,00,0,376,160,7922.0,1488,2459,0.605124,43,168,0.255952,586,786,0.745547,692,1475,2167,403,220,396,347,1029,3605
203918,00,0,448,253,10978.0,1688,4023,0.419587,647,1770,0.365536,633,753,0.840637,158,1002,1160,736,301,80,426,855,4656
201143,00,0,950,940,30598.0,5425,10541,0.514657,609,1692,0.359929,1530,2015,0.759305,1935,5837,7772,3144,762,1126,1438,2121,12989
1629659,00,0,131,24,2896.0,462,1057,0.437086,90,326,0.276073,202,258,0.782945,64,305,369,346,130,51,193,285,1216
1627863,00,0,204,98,4954.0,594,1390,0.427338,316,864,0.36574,239,313,0.763578,131,596,727,263,136,84,169,353,1743
2730,00,0,1242,1078,39456.0,7051,12016,0.5868,22,103,0.213592,5361,9455,0.567001,4151,10476,14627,1676,1081,2228,3302,3912,19485
1630210,00,0,68,1,381.0,79,207,0.381642,46,135,0.34074,27,32,0.84375,3,30,33,25,13,1,25,40,231
1628989,00,0,274,216,8123.0,1188,2758,0.430746,563,1484,0.37938,186,236,0.788135,165,793,958,871,253,96,366,644,3125
1630190,00,0,54,4,498.0,57,174,0.327586,33,118,0.279661,10,13,0.76923,7,60,67,28,15,9,23,40,157
1630624,00,0,2,0,8.0,0,2,0.0,0,0,0.0,0,0,0.0,1,0,1,1,1,0,1,1,0
1629631,00,0,139,133,4273.0,654,1506,0.434262,213,594,0.358585,310,395,0.78481,87,485,572,224,99,51,201,396,1831
1630538,00,0,69,4,1310.0,230,571,0.402802,131,358,0.365921,107,125,0.856,14,174,188,191,41,20,86,153,698
201586,00,0,903,697,24942.0,4549,8862,0.513315,608,1691,0.35955,1256,1656,0.758454,1879,4590,6469,745,371,1752,1176,2457,10962
2738,00,0,1223,784,39393.0,5021,10855,0.462551,1080,3269,0.330376,2829,3991,0.708844,1115,4915,6030,5128,1761,630,2231,2169,13951
204060,00,0,590,313,15157.0,1805,4016,0.449452,1071,2622,0.408466,413,538,0.767657,189,1725,1914,2213,544,90,927,1099,5094
1627742,00,0,368,329,12079.0,2469,5356,0.460978,494,1371,0.36032,1380,1795,0.768802,278,1618,1896,1412,260,210,888,892,6812
202681,00,0,611,611,20804.0,5184,11034,0.46982,1371,3487,0.393174,2350,2663,0.882463,475,1864,2339,3504,816,241,1597,1392,14089
1628371,00,0,136,106,3512.0,473,1088,0.434742,134,406,0.330049,189,237,0.797468,173,568,741,146,145,206,151,274,1269
1628402,00,0,213,31,3868.0,656,1554,0.422136,247,742,0.332884,257,327,0.785932,81,309,390,221,84,16,169,311,1816
1630543,00,0,36,15,541.0,116,206,0.563106,5,16,0.3125,60,88,0.681818,60,89,149,10,25,52,40,92,297
1628367,00,0,291,92,6718.0,1222,2939,0.415787,263,901,0.291897,569,837,0.679808,250,909,1159,534,251,169,536,733,3276
202704,00,0,703,466,18001.0,3422,8074,0.423829,948,2749,0.344852,1391,1628,0.854422,367,1755,2122,3020,486,88,1325,1380,9183
1628991,00,0,204,195,5521.0,1134,2503,0.453056,341,971,0.351184,609,770,0.790909,264,786,1050,240,177,369,342,766,3218
2544,00,0,1366,1365,52138.0,13543,26825,0.504864,2140,6186,0.345942,7836,10673,0.734189,1601,8609,10210,10045,2136,1041,4788,2516,37062
1629660,00,0,112,5,1916.0,290,728,0.398351,139,404,0.344059,76,97,0.783505,36,179,215,273,65,14,102,163,795
1630198,00,0,96,2,992.0,110,310,0.354838,84,241,0.348547,47,55,0.854545,12,80,92,55,26,7,30,81,351
1629661,00,0,183,36,4423.0,658,1495,0.440133,389,998,0.389779,194,230,0.843478,124,535,659,254,130,52,119,286,1899
1630525,00,0,2,0,2.0,0,1,0.0,0,1,0.0,0,0,0.0,0,0,0,0,0,0,0,0,0
1630552,00,0,22,0,120.0,22,41,0.536585,3,13,0.230769,5,7,0.714285,2,24,26,3,3,2,9,9,52
1629640,00,0,161,142,4660.0,862,1805,0.477562,232,602,0.385382,357,474,0.753164,183,743,926,294,112,40,183,318,2313
1630553,00,0,37,12,696.0,96,272,0.352941,34,100,0.34,41,51,0.803921,24,57,81,76,28,12,46,69,267
1626169,00,0,419,104,8408.0,963,2508,0.383971,322,1074,0.299813,384,509,0.75442,231,1078,1309,612,367,100,447,823,2632
203999,00,0,527,486,16015.0,3982,7345,0.542137,536,1553,0.345138,1864,2246,0.829919,1393,4063,5456,3281,627,376,1462,1467,10364
1627745,00,0,199,74,3033.0,438,659,0.664643,13,43,0.302325,228,325,0.701538,230,455,685,163,77,148,139,448,1117
1630529,00,0,78,69,2335.0,274,576,0.475694,57,169,0.337278,137,163,0.84049,98,198,296,167,130,60,100,238,742
1630539,00,0,21,0,63.0,9,14,0.642857,1,2,0.5,3,8,0.375,3,8,11,4,1,2,6,8,22
1630222,00,0,36,1,385.0,59,138,0.427536,25,70,0.357142,52,79,0.658227,8,57,65,46,9,1,30,32,195
1630200,00,0,106,12,1417.0,203,417,0.48681,13,56,0.232142,88,110,0.8,37,139,176,272,50,7,59,91,507
1626145,00,0,455,72,8378.0,1090,2505,0.435129,299,850,0.351764,328,401,0.817955,103,696,799,1691,444,33,326,378,2807
1627884,00,0,280,97,5537.0,685,1346,0.508915,134,449,0.29844,329,471,0.698513,359,605,964,197,184,193,155,572,1833
201599,00,0,980,776,26195.0,3619,5377,0.673051,1,12,0.083333,1694,3563,0.475442,3001,7141,10142,932,537,1501,1331,2483,8933
202709,00,0,728,173,16161.0,1993,4492,0.443677,403,1172,0.343856,772,981,0.786952,369,1515,1884,2186,562,167,764,1192,5161
1628379,00,0,297,74,6973.0,1069,2380,0.449159,550,1294,0.425038,278,320,0.86875,77,770,847,603,147,44,277,435,2966
1630296,00,0,11,0,197.0,33,72,0.458333,6,21,0.285714,7,13,0.538461,13,37,50,11,10,11,11,26,79
1630557,00,0,77,36,1801.0,234,514,0.455252,112,320,0.35,54,62,0.870967,53,156,209,85,35,22,50,93,634
1628467,00,0,326,135,7389.0,820,1838,0.446137,406,1132,0.358657,261,328,0.795731,390,1171,1561,345,141,301,219,675,2307
1630233,00,0,70,2,546.0,82,188,0.43617,10,46,0.217391,88,115,0.765217,59,98,157,30,16,18,33,64,262
1628995,00,0,212,61,4011.0,569,1543,0.368762,240,706,0.339943,260,369,0.704607,113,511,624,172,82,60,183,337,1638
1629723,00,0,134,7,2048.0,228,437,0.521739,78,192,0.40625,53,81,0.65432,140,364,504,178,82,34,54,137,587
1627788,00,0,256,49,4793.0,700,1730,0.404624,373,1052,0.354562,243,316,0.768987,75,499,574,344,154,37,180,294,2016
1628436,00,0,148,35,2120.0,295,723,0.408022,144,444,0.324324,73,97,0.752577,88,291,379,145,51,119,58,152,807
1630249,00,0,30,8,690.0,68,167,0.407185,32,98,0.32653,19,22,0.863636,18,83,101,57,19,8,29,65,187
1629083,00,0,2,0,5.0,0,1,0.0,0,1,0.0,0,0,0.0,0,0,0,0,0,0,0,1,0
1630228,00,0,70,12,1185.0,236,460,0.513043,50,149,0.33557,130,190,0.68421,54,180,234,64,31,22,74,146,652
1628398,00,0,342,212,10399.0,2013,4487,0.448629,638,1883,0.338821,672,929,0.723358,378,1738,2116,759,195,184,646,705,5336
203897,00,0,478,391,15218.0,3384,7344,0.460784,1031,2673,0.385708,1667,2009,0.829766,221,1655,1876,1860,423,145,1271,1039,9466
1630237,00,0,26,3,423.0,46,120,0.383333,23,73,0.315068,18,21,0.857142,27,44,71,25,6,5,19,34,133
203087,00,0,573,136,11896.0,2127,4841,0.439372,601,1755,0.34245,950,1109,0.856627,303,1770,2073,904,417,218,466,924,5805
1629111,00,0,54,1,589.0,101,204,0.495098,29,89,0.325842,34,41,0.829268,63,75,138,45,10,14,31,53,265
1629641,00,0,98,11,1424.0,132,330,0.4,39,130,0.3,50,79,0.632911,57,127,184,47,36,29,37,104,353
1627774,00,0,243,49,3099.0,458,996,0.459839,131,437,0.299771,128,178,0.719101,102,315,417,127,99,71,122,254,1175
1627747,00,0,318,180,8759.0,1747,3998,0.436968,438,1317,0.332574,717,973,0.736896,236,980,1216,1257,343,107,609,644,4649
1627814,00,0,216,53,4538.0,628,1447,0.434001,267,748,0.356951,257,296,0.868243,100,657,757,311,159,21,160,353,1780
1630240,00,0,85,7,1384.0,168,387,0.434108,22,83,0.26506,117,160,0.73125,38,146,184,281,68,25,91,120,475
203458,00,0,570,235,10770.0,1682,3317,0.507084,110,334,0.329341,897,1313,0.683168,1078,2263,3341,489,224,550,675,1465,4371
202695,00,0,576,549,18025.0,3986,8080,0.493316,865,2251,0.384273,2248,2620,0.858015,696,2993,3689,1672,1013,367,933,988,11085
1630575,00,0,2,0,7.0,0,0,0.0,0,0,0.0,1,2,0.5,0,0,0,1,1,0,0,0,1
1630184,00,0,78,0,1246.0,189,483,0.391304,53,178,0.297752,53,63,0.841269,21,89,110,173,49,11,60,105,484
203081,00,0,711,711,25832.0,5725,13097,0.437123,2143,5752,0.372566,3917,4388,0.892661,425,2551,2976,4726,682,221,1995,1368,17510
1629642,00,0,138,30,2301.0,288,633,0.454976,93,293,0.317406,133,183,0.726775,121,351,472,99,43,63,73,205,802
1630587,00,0,19,5,383.0,41,90,0.455555,27,64,0.421875,12,14,0.857142,15,42,57,21,13,7,15,37,121
1626172,00,0,367,150,6014.0,734,1294,0.567233,10,58,0.172413,243,401,0.605985,678,1072,1750,498,178,206,216,768,1721
201572,00,0,868,828,26193.0,5443,11019,0.493964,652,1914,0.340647,2709,3403,0.796062,1774,3633,5407,1245,503,1530,1481,2303,14247
201577,00,0,939,603,20573.0,3429,6394,0.536284,53,180,0.294444,1285,1731,0.742345,2121,2483,4604,796,216,1034,1036,1808,8196
1629712,00,0,12,1,186.0,15,46,0.326086,11,31,0.354838,2,2,1.0,6,14,20,8,4,2,8,18,43
201567,00,0,812,659,25089.0,4710,10686,0.440763,1467,3935,0.372808,3418,4124,0.828806,2076,6590,8666,1919,528,342,1547,1626,14305
200768,00,0,1023,787,32616.0,4850,11421,0.424656,1971,5349,0.36848,3445,4235,0.813459,804,3671,4475,6469,1350,298,2419,2810,15116
1630994,00,0,4,0,44.0,5,19,0.263157,3,8,0.375,0,0,0.0,2,5,7,11,3,0,3,7,13
1627789,00,0,328,60,5254.0,648,1657,0.391068,320,956,0.334728,321,387,0.829457,124,532,656,293,132,42,232,605,1937
1626168,00,0,449,126,8216.0,1285,2915,0.440823,394,1167,0.337617,539,731,0.737346,375,1578,1953,477,175,156,376,649,3503
1630177,00,0,116,56,2686.0,345,931,0.370569,149,463,0.321814,180,235,0.765957,45,297,342,338,87,22,206,193,1019
1630572,00,0,41,3,407.0,57,115,0.495652,22,52,0.423076,18,22,0.818181,35,47,82,22,9,9,15,28,154
1629611,00,0,189,49,3942.0,549,1119,0.490616,121,319,0.37931,224,285,0.785964,170,552,722,366,95,39,142,350,1443
1630544,00,0,60,26,1367.0,231,588,0.392857,98,272,0.360294,65,82,0.792682,25,146,171,91,47,12,71,102,625
1626246,00,0,286,25,2641.0,641,1117,0.573858,10,39,0.25641,396,517,0.765957,375,722,1097,139,54,92,191,329,1688
1628374,00,0,282,256,8389.0,1530,3472,0.440668,629,1726,0.364426,650,765,0.849673,307,1597,1904,354,189,141,355,526,4339
1630230,00,0,87,14,1435.0,191,478,0.399581,50,188,0.265957,127,168,0.755952,53,237,290,150,59,18,84,127,559
1628997,00,0,131,16,2507.0,341,750,0.454666,115,317,0.362776,129,178,0.724719,111,298,409,154,107,49,100,198,926
1628998,00,0,171,24,3618.0,376,818,0.459657,95,294,0.323129,142,215,0.660465,172,432,604,360,164,53,145,246,989
1630231,00,0,124,10,2724.0,441,841,0.524375,95,264,0.359848,138,207,0.666666,153,386,539,149,64,81,98,202,1115
1629726,00,0,147,57,2977.0,305,754,0.404509,234,630,0.371428,258,309,0.834951,54,247,301,100,94,32,59,306,1102
202083,00,0,898,754,27347.0,3730,8866,0.420708,1782,4721,0.377462,1679,2038,0.823846,455,2136,2591,1786,889,180,1045,1885,10921
1630178,00,0,136,82,3586.0,681,1424,0.47823,163,412,0.395631,274,316,0.867088,37,307,344,441,81,45,129,235,1799
1630219,00,0,61,5,489.0,76,162,0.469135,22,65,0.338461,30,34,0.882352,15,45,60,47,21,2,19,24,204
1630540,00,0,40,2,372.0,32,108,0.296296,17,68,0.25,8,12,0.666666,4,38,42,41,14,1,5,45,89
1630644,00,0,2,0,24.0,3,6,0.5,1,3,0.333333,1,1,1.0,0,3,3,1,1,1,3,5,8
203468,00,0,590,493,18625.0,4356,9567,0.455315,1368,3452,0.396292,1261,1557,0.80989,372,1669,2041,2044,526,223,1027,1254,11341
204456,00,0,481,86,10691.0,1470,2925,0.502564,113,346,0.326589,246,320,0.76875,260,1176,1436,2404,613,94,766,719,3299
1630183,00,0,133,58,3313.0,419,921,0.45494,152,450,0.337777,84,116,0.724137,128,397,525,150,87,114,122,396,1074
1629667,00,0,118,20,2092.0,289,608,0.475328,85,237,0.358649,112,153,0.732026,97,307,404,124,62,44,92,224,775
203926,00,0,527,94,11012.0,1836,3855,0.476264,723,1766,0.409399,451,550,0.82,224,1012,1236,496,113,53,344,774,4846
201580,00,0,821,336,13982.0,2796,4853,0.576138,12,66,0.181818,932,1541,0.604802,1552,2792,4344,358,327,1212,826,1823,6536
203585,00,0,285,120,5634.0,619,1470,0.421088,260,739,0.351826,144,219,0.657534,233,578,811,353,145,49,179,420,1642
1629162,00,0,143,7,2430.0,275,620,0.443548,89,253,0.351778,79,109,0.72477,50,201,251,498,142,20,120,129,718
203463,00,0,556,268,12534.0,1768,4270,0.414051,868,2392,0.362876,611,783,0.780332,222,1047,1269,563,353,106,608,1175,5015
1629001,00,0,235,55,4853.0,714,1745,0.409169,295,818,0.360635,245,320,0.765625,162,681,843,660,309,113,337,435,1968
1629002,00,0,143,26,2018.0,337,728,0.462912,70,227,0.30837,125,164,0.762195,86,430,516,111,74,58,115,173,869
203114,00,0,651,576,20693.0,4034,8801,0.458357,1216,3102,0.392005,1852,2103,0.880646,401,2765,3166,2461,794,123,1362,1666,11136
201988,00,0,820,105,17013.0,2687,6306,0.426102,1447,3716,0.389397,699,818,0.854523,247,1143,1390,1894,533,73,798,1076,7520
200794,00,0,1085,746,30498.0,5455,11158,0.488886,541,1588,0.34068,3085,4190,0.736276,2343,5330,7673,2378,1327,1045,1829,3248,14536
1629003,00,0,178,34,3714.0,641,1434,0.447001,186,515,0.361165,263,321,0.819314,87,326,413,454,95,50,200,350,1731
1630558,00,0,75,19,2076.0,352,843,0.417556,101,320,0.315625,56,85,0.658823,33,133,166,313,55,24,114,141,861
1628378,00,0,345,337,11637.0,2953,6701,0.44068,958,2657,0.360557,1370,1644,0.833333,269,1164,1433,1542,445,99,964,874,8234
1630596,00,0,69,69,2331.0,422,830,0.508433,23,92,0.25,167,252,0.662698,143,427,570,174,56,115,133,147,1034
1628370,00,0,309,38,6298.0,1156,2724,0.424375,508,1431,0.354996,356,429,0.829836,102,615,717,627,162,77,389,425,3176
202328,00,0,646,417,17670.0,3371,6556,0.514185,1,17,0.058823,1659,2361,0.702668,1799,3494,5293,1376,680,373,1198,1435,8402
1630541,00,0,52,11,607.0,80,183,0.437158,40,110,0.363636,28,36,0.777777,17,63,80,23,7,10,13,43,228
1629875,00,0,10,0,137.0,25,51,0.490196,5,14,0.357142,3,5,0.6,2,12,14,24,7,3,6,9,58
1629630,00,0,187,187,6016.0,1457,3071,0.474438,221,676,0.326923,826,1095,0.754337,187,649,836,1337,181,53,619,283,3961
1629752,00,0,52,0,313.0,31,59,0.525423,8,23,0.347826,6,11,0.545454,21,40,61,16,5,3,10,43,76
202693,00,0,715,376,17725.0,3018,6762,0.446317,607,1782,0.340628,1179,1518,0.776679,870,2844,3714,1153,578,369,1086,1965,7822
1628420,00,0,280,105,7067.0,1170,2434,0.48069,334,848,0.393867,273,329,0.829787,97,558,655,1042,221,48,218,316,2947
202694,00,0,718,437,19451.0,3258,7486,0.435212,1140,3020,0.377483,1265,1637,0.772755,649,2649,3298,1085,488,204,856,1548,8921
1628539,00,0,84,12,1209.0,169,409,0.413202,118,320,0.36875,27,38,0.710526,13,94,107,39,18,15,29,89,483
1630530,00,0,62,1,864.0,109,277,0.393501,71,186,0.38172,45,51,0.882352,47,100,147,38,23,7,16,60,334
1627749,00,0,320,249,8257.0,1628,3577,0.455129,218,661,0.329803,519,673,0.771173,323,1597,1920,1540,455,84,594,596,3993
1627750,00,0,345,270,10384.0,2073,4651,0.44571,673,1834,0.366957,820,934,0.877944,270,988,1258,1322,328,109,678,647,5639
203488,00,0,432,30,6695.0,957,2090,0.457894,410,1087,0.377184,342,404,0.846534,352,1019,1371,378,150,211,257,630,2666
1629004,00,0,220,46,3746.0,511,1285,0.397665,290,822,0.352798,139,177,0.78531,70,325,395,298,132,21,202,229,1451
1626204,00,0,396,133,9527.0,1323,2503,0.528565,166,499,0.332665,398,578,0.688581,782,1795,2577,747,484,199,397,884,3210
1630612,00,0,14,0,63.0,6,18,0.333333,0,2,0.0,3,4,0.75,3,4,7,12,1,0,3,2,15
1630174,00,0,98,4,1243.0,150,360,0.416666,71,223,0.318385,43,54,0.796296,43,173,216,45,35,14,54,157,414
203526,00,0,387,98,6259.0,878,1931,0.454686,246,672,0.366071,311,387,0.803617,86,526,612,834,262,30,374,520,2313
1627777,00,0,305,18,4455.0,663,1518,0.436758,414,1025,0.403902,117,134,0.873134,84,535,619,248,88,32,171,445,1857
1630227,00,0,24,0,261.0,27,67,0.402985,7,26,0.26923,16,30,0.533333,7,26,33,40,15,0,26,21,77
1630192,00,0,83,2,1095.0,146,290,0.503448,61,139,0.438848,53,80,0.6625,70,142,212,27,24,17,30,108,406
203457,00,0,450,219,10086.0,1362,2482,0.548751,2,13,0.153846,577,881,0.654937,888,1900,2788,491,572,673,580,1160,3303
1629669,00,0,119,1,1885.0,357,801,0.445692,116,336,0.345238,133,164,0.810975,44,187,231,211,52,23,67,156,963
1628373,00,0,269,60,4803.0,526,1417,0.371206,188,568,0.330985,155,200,0.775,90,405,495,631,194,59,300,533,1395
1629134,00,0,123,111,3613.0,720,1572,0.458015,259,711,0.364275,141,160,0.88125,42,317,359,368,108,29,194,260,1840
203994,00,0,411,330,9815.0,1989,3978,0.5,32,138,0.231884,1005,1495,0.67224,1052,2461,3513,903,372,489,870,1287,5015
1628021,00,0,237,50,4583.0,603,1231,0.489845,87,272,0.319852,329,489,0.672801,236,630,866,246,177,106,163,447,1622
1629670,00,0,92,15,1459.0,248,597,0.41541,107,289,0.370242,55,68,0.808823,46,235,281,66,42,25,81,100,658
1626220,00,0,370,230,9516.0,819,1830,0.44754,428,1122,0.381461,219,275,0.796363,226,1537,1763,771,292,136,348,844,2285
1629643,00,0,115,39,2881.0,351,899,0.390433,167,512,0.326171,85,105,0.809523,89,439,528,219,145,64,95,143,954
1629006,00,0,244,123,5017.0,510,1264,0.403481,144,524,0.274809,388,512,0.757812,220,492,712,278,236,99,216,481,1552
1630168,00,0,98,10,1593.0,252,375,0.672,0,3,0.0,116,167,0.69461,177,269,446,71,54,93,73,249,620
1630171,00,0,134,128,4154.0,442,990,0.446464,117,371,0.315363,233,312,0.746794,140,267,407,249,118,46,144,349,1234
203506,00,0,462,395,15141.0,2958,6749,0.438287,744,2137,0.348151,1394,1764,0.790249,273,1844,2117,1824,748,218,1179,1103,8054
203482,00,0,610,166,13409.0,2224,4675,0.475721,734,2011,0.364992,964,1232,0.782467,723,2364,3087,1248,465,284,890,1695,6146
1626224,00,0,327,181,7999.0,1182,2797,0.422595,512,1465,0.349488,393,547,0.718464,166,889,1055,699,241,49,384,679,3269
1626162,00,0,479,162,12062.0,2070,4767,0.434235,702,2119,0.331288,927,1237,0.749393,444,1630,2074,484,449,231,497,1212,5769
1629672,00,0,158,31,3085.0,580,1173,0.494458,95,291,0.32646,297,392,0.757653,140,369,509,214,53,25,164,244,1552
101108,00,0,1155,1155,39896.0,7398,15634,0.473199,1544,4187,0.36876,4596,5275,0.871279,714,4492,5206,10977,2453,172,2774,2800,20936
1626166,00,0,279,41,4994.0,825,1959,0.421133,282,778,0.362467,200,241,0.829875,87,537,624,905,188,63,328,476,2132
203901,00,0,500,395,13384.0,2086,4666,0.447063,190,662,0.287009,674,1082,0.62292,523,1484,2007,2867,588,151,1084,1000,5036
1627780,00,0,142,39,2056.0,313,577,0.542461,66,206,0.320388,48,84,0.571428,114,282,396,151,148,38,79,234,740
1630691,00,0,13,0,176.0,18,50,0.36,13,39,0.333333,1,2,0.5,6,26,32,7,0,7,5,12,50
1629033,00,0,87,0,759.0,85,276,0.307971,37,164,0.225609,44,48,0.916666,16,100,116,95,28,6,57,66,251
203486,00,0,661,386,14768.0,2179,3730,0.584182,2,41,0.04878,1124,2019,0.556711,1361,3017,4378,1611,503,592,986,1846,5484
1627751,00,0,416,164,8409.0,1348,2148,0.62756,2,3,0.666666,337,650,0.518461,1033,1491,2524,601,214,524,408,959,3035
1630197,00,0,106,40,2323.0,325,864,0.376157,115,404,0.284653,66,92,0.717391,103,427,530,228,59,80,193,146,831
1630582,00,0,12,0,71.0,5,16,0.3125,3,9,0.333333,0,2,0.0,5,7,12,1,1,4,1,6,13
1629673,00,0,184,72,4545.0,846,2034,0.415929,382,1121,0.340767,446,504,0.88492,58,412,470,537,121,42,312,386,2520
1629645,00,0,137,87,3904.0,677,1596,0.424185,258,732,0.352459,266,388,0.685567,85,443,528,649,134,44,376,352,1878
1629008,00,0,125,71,3081.0,675,1303,0.518035,242,577,0.41941,171,215,0.795348,166,597,763,133,77,81,138,242,1763
203490,00,0,504,316,13080.0,2059,4313,0.477393,670,1684,0.397862,548,690,0.794202,590,1961,2551,767,570,216,393,893,5336
1626171,00,0,453,120,9837.0,2025,4308,0.470055,477,1244,0.38344,494,657,0.751902,850,2145,2995,537,263,171,487,868,5021
204001,00,0,337,336,10385.0,2281,5142,0.443601,600,1698,0.353356,1209,1474,0.820217,589,2060,2649,537,234,635,556,1027,6371
203939,00,0,511,178,9720.0,1451,2480,0.58508,121,409,0.295843,903,1202,0.751247,798,1551,2349,524,324,242,351,1137,3926
1629619,00,0,11,0,52.0,5,17,0.294117,1,6,0.166666,2,2,1.0,1,5,6,3,1,0,3,8,13
1626181,00,0,421,188,9424.0,1680,3630,0.462809,599,1560,0.383974,817,983,0.831129,160,928,1088,625,341,113,498,767,4776
1630563,00,0,50,16,965.0,101,270,0.374074,42,137,0.306569,44,59,0.745762,32,81,113,81,20,23,57,79,288
1627752,00,0,370,218,8937.0,1377,3310,0.416012,626,1689,0.370633,519,637,0.814756,192,1250,1442,647,313,159,579,755,3899
1630202,00,0,137,6,2269.0,344,791,0.434892,203,493,0.411764,61,66,0.924242,65,227,292,259,62,15,94,165,952
1630243,00,0,10,0,74.0,15,33,0.454545,9,24,0.375,4,4,1.0,7,9,16,4,5,1,7,6,43
1629674,00,0,15,0,120.0,17,38,0.447368,0,0,0.0,11,17,0.647058,14,17,31,6,1,8,6,18,45
1630193,00,0,142,6,3046.0,513,1304,0.393404,255,699,0.364806,332,375,0.885333,56,328,384,402,84,15,157,281,1613
203944,00,0,518,438,16145.0,3388,7177,0.472063,448,1349,0.332097,1967,2648,0.742824,1025,3790,4815,1842,365,235,1423,1619,9191
1630559,00,0,61,19,1418.0,146,318,0.459119,53,167,0.317365,99,118,0.838983,45,148,193,110,29,20,40,87,444
1629629,00,0,133,62,3313.0,474,1225,0.386938,182,560,0.325,269,320,0.840625,82,343,425,170,142,52,187,260,1399
1628432,00,0,79,6,957.0,108,249,0.433734,50,128,0.390625,18,27,0.666666,18,135,153,69,35,11,27,83,284
1630194,00,0,64,2,480.0,96,174,0.551724,2,14,0.142857,10,22,0.454545,74,79,153,28,43,27,22,86,204
1629675,00,0,177,32,3057.0,637,1300,0.49,150,437,0.343249,266,368,0.722826,218,529,747,178,93,169,173,434,1690
1630208,00,0,68,5,430.0,64,99,0.646464,0,1,0.0,37,54,0.685185,38,59,97,15,9,21,27,58,165
1626196,00,0,438,306,13033.0,1923,4494,0.427903,694,1900,0.365263,730,870,0.83908,313,1064,1377,1172,465,262,602,1020,5270
203085,00,0,655,174,15840.0,2123,5080,0.417913,746,2137,0.349087,749,1154,0.649046,217,1142,1359,1438,466,108,709,1399,5741
1629130,00,0,239,209,6631.0,946,2176,0.434742,762,1878,0.40575,184,214,0.859813,43,661,704,363,125,53,215,586,2838
1629011,00,0,230,117,5473.0,831,1151,0.72198,0,0,0.0,279,517,0.539651,771,949,1720,128,197,458,158,692,1941
1630526,00,0,49,36,1087.0,134,324,0.41358,58,165,0.351515,40,54,0.74074,75,199,274,49,29,15,39,75,366
1629676,00,0,109,62,2385.0,373,753,0.495351,76,208,0.365384,165,233,0.708154,164,396,560,178,88,71,157,272,987
200765,00,0,957,733,28570.0,3886,8516,0.456317,449,1384,0.324421,1116,1826,0.611171,910,3439,4349,7584,1518,125,2586,1997,9337
201565,00,0,672,511,21315.0,4784,10474,0.45675,556,1762,0.31555,2106,2536,0.830441,538,1701,2239,3646,521,235,1693,848,12230
203082,00,0,670,178,16627.0,2740,6567,0.417237,1234,3415,0.361346,811,967,0.838676,234,1673,1907,841,552,221,657,1133,7525
1626179,00,0,477,235,12440.0,2180,5225,0.417224,951,2532,0.375592,728,886,0.82167,312,1554,1866,1509,440,113,579,680,6039
201937,00,0,665,601,20128.0,2407,6186,0.389104,616,1887,0.326444,1969,2335,0.843254,419,2341,2760,5045,1200,88,1737,1687,7399
1626156,00,0,424,360,12476.0,2722,6485,0.419737,1043,2926,0.356459,1017,1302,0.781105,219,1284,1503,2370,471,119,1196,790,7504
1630346,00,0,1,0,5.0,1,5,0.2,1,5,0.2,0,0,0.0,0,0,0,0,1,0,0,0,3
1627734,00,0,415,275,11806.0,2330,4367,0.533547,181,567,0.319223,1120,1538,0.728218,937,2878,3815,1493,309,184,958,1260,5961
203967,00,0,356,205,8964.0,1497,3393,0.441202,512,1433,0.357292,674,804,0.838308,538,1548,2086,699,220,79,573,755,4180
203107,00,0,388,182,8616.0,997,2132,0.467636,237,670,0.353731,445,543,0.819521,312,805,1117,1586,309,60,513,658,2676
1630648,00,0,4,0,30.0,1,11,0.090909,1,6,0.166666,2,2,1.0,2,6,8,0,1,0,1,0,5
1629678,00,0,71,3,837.0,89,221,0.402714,45,140,0.321428,22,30,0.733333,24,112,136,40,12,9,28,108,245
203471,00,0,621,267,16448.0,3287,7547,0.435537,721,2136,0.337546,1511,1814,0.832965,266,1563,1829,2907,515,82,1479,1263,8806
1630206,00,0,22,1,206.0,32,82,0.390243,8,30,0.266666,12,15,0.8,4,26,30,9,8,3,14,14,84
1630578,00,0,72,13,1489.0,249,525,0.474285,29,117,0.247863,165,232,0.711206,138,255,393,185,59,68,145,214,692
1629012,00,0,218,208,7179.0,1625,3548,0.458004,325,860,0.377906,781,944,0.82733,189,474,663,720,181,23,541,510,4356
1629013,00,0,262,83,6094.0,775,1889,0.410269,530,1359,0.389992,274,328,0.835365,54,418,472,423,116,39,176,482,2354
1630549,00,0,32,8,391.0,86,149,0.577181,2,7,0.285714,24,41,0.585365,81,79,160,17,10,15,30,60,198
1627783,00,0,400,306,11780.0,2408,4920,0.48943,388,1182,0.328257,1086,1404,0.773504,554,1968,2522,1241,371,271,713,1085,6290
1627732,00,0,275,275,9326.0,1784,3188,0.559598,5,34,0.147058,809,1354,0.597488,523,1694,2217,2127,464,199,925,777,4382
1630250,00,0,9,0,35.0,4,15,0.266666,1,5,0.2,8,11,0.727272,5,5,10,0,1,1,2,6,17
1629014,00,0,211,35,4375.0,763,1797,0.424596,384,979,0.392236,234,281,0.83274,68,388,456,420,75,24,230,350,2144
1630579,00,0,41,5,555.0,39,54,0.722222,0,0,0.0,12,29,0.413793,61,108,169,21,11,22,20,66,90
1630606,00,0,17,1,200.0,19,60,0.316666,8,27,0.296296,5,6,0.833333,5,19,24,16,6,3,11,12,51
203935,00,0,520,299,15484.0,1815,4747,0.382346,796,2477,0.321356,1012,1298,0.779661,435,1431,1866,2318,821,191,939,1333,5438
202397,00,0,719,167,14354.0,2334,5425,0.43023,301,925,0.325405,496,733,0.676671,263,1527,1790,2799,518,186,897,949,5465
1630188,00,0,78,9,1080.0,198,400,0.495,44,139,0.316546,83,109,0.761467,108,236,344,28,16,45,49,112,523
1630270,00,0,9,0,39.0,2,10,0.2,1,8,0.125,0,0,0.0,2,4,6,1,0,0,0,2,5
203503,00,0,601,310,13092.0,1335,3097,0.431062,728,1848,0.393939,274,324,0.845679,172,1199,1371,669,266,138,329,846,3672
1630531,00,0,2,0,6.0,1,1,1.0,0,0,0.0,0,0,0.0,1,1,2,0,0,2,1,0,2
203917,00,0,343,63,6700.0,770,1981,0.388692,400,1131,0.353669,350,431,0.812064,78,613,691,515,139,80,340,426,2290
202362,00,0,554,200,12681.0,1885,4240,0.444575,373,1189,0.313708,595,857,0.694282,344,1907,2251,1621,357,76,908,1086,4738
1630205,00,0,103,13,1514.0,218,455,0.47912,22,90,0.244444,90,126,0.714285,71,189,260,69,48,31,64,159,548
1630191,00,0,139,85,3270.0,476,899,0.529477,36,109,0.330275,138,195,0.707692,385,685,1070,141,61,164,152,395,1126
1629622,00,0,109,16,2100.0,336,754,0.445623,231,591,0.390862,59,78,0.75641,30,214,244,116,39,18,65,160,962
1630591,00,0,48,45,1307.0,198,548,0.361313,42,196,0.214285,126,163,0.773006,26,145,171,209,59,19,143,142,564
1630256,00,0,148,135,4099.0,679,1354,0.501477,123,397,0.309823,232,331,0.700906,267,527,794,400,157,77,237,508,1713
1628369,00,0,365,365,12183.0,2728,5979,0.456263,827,2158,0.383225,1357,1608,0.843905,319,2101,2420,1106,410,252,779,770,7640
1630678,00,0,33,7,714.0,135,220,0.613636,12,38,0.315789,36,51,0.705882,95,77,172,41,14,8,23,61,318
202066,00,0,691,287,14785.0,1570,3907,0.401842,691,2011,0.34361,560,757,0.739762,286,1334,1620,1188,572,234,640,1298,4391
1630179,00,0,13,0,59.0,6,17,0.352941,0,7,0.0,1,3,0.333333,0,6,6,6,5,0,2,3,13
1628464,00,0,306,147,5988.0,916,1682,0.544589,158,480,0.329166,327,453,0.721854,469,1040,1509,384,149,262,255,815,2317
1630271,00,0,44,1,459.0,47,126,0.373015,18,68,0.264705,34,51,0.666666,10,53,63,41,16,11,28,47,146
1630560,00,0,67,2,1176.0,218,503,0.433399,47,174,0.270114,87,105,0.828571,16,145,161,78,33,8,55,66,570
202738,00,0,550,362,15563.0,3167,7290,0.43443,1042,2876,0.362308,2339,2682,0.87211,283,1037,1320,2638,472,61,1242,1146,9715
1629744,00,0,126,1,1226.0,178,411,0.43309,109,270,0.403703,37,46,0.804347,19,136,155,61,22,4,38,74,502
202691,00,0,647,610,21279.0,4758,10395,0.45772,1912,4586,0.416921,1219,1435,0.849477,288,1967,2255,1504,577,349,1096,1367,12647
202684,00,0,730,478,19556.0,2654,5117,0.518663,10,38,0.263157,1274,2107,0.604651,2404,3716,6120,725,364,501,825,1655,6592
1630550,00,0,33,0,262.0,24,55,0.436363,7,27,0.259259,12,20,0.6,11,32,43,19,8,11,10,26,67
1629680,00,0,196,72,4271.0,364,808,0.450495,144,444,0.324324,67,102,0.656862,116,266,382,217,313,189,122,426,939
1629681,00,0,54,4,642.0,62,184,0.336956,37,119,0.310924,14,19,0.736842,27,57,84,30,28,23,15,78,175
1630214,00,0,112,14,1785.0,265,515,0.514563,32,114,0.280701,80,124,0.645161,140,277,417,137,93,48,79,179,642
1630225,00,0,12,0,74.0,7,26,0.26923,4,16,0.25,2,6,0.333333,3,9,12,4,4,2,4,4,20
1630167,00,0,134,10,1913.0,355,682,0.520527,78,254,0.307086,113,150,0.753333,95,311,406,106,42,48,79,157,901
1629308,00,0,139,28,2374.0,265,507,0.522682,73,202,0.361386,65,106,0.613207,66,397,463,303,102,48,145,256,668
1626157,00,0,482,482,16471.0,4130,7830,0.527458,779,1961,0.397246,2131,2559,0.832747,1448,4017,5465,1486,389,663,1290,1633,11170
1629018,00,0,204,116,5692.0,982,2362,0.415749,491,1263,0.388756,297,362,0.820441,79,375,454,287,227,47,141,330,2752
200782,00,0,777,581,22530.0,2014,4736,0.425253,809,2223,0.363922,699,935,0.747593,1177,3213,4390,1149,887,240,763,1910,5536
1629730,00,0,39,0,300.0,35,70,0.5,9,29,0.310344,38,49,0.77551,7,32,39,21,7,1,13,23,117
1626167,00,0,431,398,12379.0,2068,4230,0.488888,391,1121,0.348795,958,1247,0.768243,615,2264,2879,513,311,984,574,1251,5485
202685,00,0,695,666,18141.0,3703,6577,0.563022,155,432,0.358796,1758,2239,0.785171,1953,4618,6571,824,290,702,1141,1982,9319
1627832,00,0,348,199,9863.0,1616,3996,0.404404,793,2078,0.381616,730,849,0.859835,144,961,1105,1704,439,131,557,689,4755
1629020,00,0,166,97,3136.0,369,624,0.591346,3,21,0.142857,151,245,0.616326,343,681,1024,175,172,94,141,318,892
1630170,00,0,133,39,2993.0,449,1067,0.420805,189,530,0.356603,126,150,0.84,68,412,480,192,119,59,80,231,1213
1629216,00,0,127,34,2327.0,310,783,0.395913,171,499,0.342685,64,77,0.831168,32,155,187,283,88,14,133,243,855
202696,00,0,741,680,22869.0,5397,10936,0.493507,556,1596,0.34837,1203,1590,0.756603,1887,5844,7731,2037,650,675,1292,1825,12553
1629731,00,0,126,47,2264.0,242,541,0.447319,131,359,0.364902,50,70,0.714285,72,312,384,128,66,32,49,174,665
1630532,00,0,79,79,2429.0,456,975,0.467692,96,271,0.354243,189,219,0.863013,84,272,356,231,68,34,119,164,1197
1629021,00,0,196,37,2963.0,517,1062,0.486817,144,449,0.320712,296,364,0.813186,142,540,682,217,85,63,204,440,1474
1630688,00,0,45,0,359.0,41,104,0.39423,19,59,0.322033,7,12,0.583333,27,27,54,15,20,6,13,49,108
202689,00,0,741,696,24666.0,4975,11897,0.418172,1663,4614,0.360424,2801,3333,0.840384,415,2400,2815,3919,921,280,1570,1100,14414
1629022,00,0,208,56,4240.0,735,1776,0.413851,257,749,0.343124,225,289,0.778546,55,437,492,330,112,51,184,284,1952
202322,00,0,613,601,21832.0,4235,9833,0.430692,618,1912,0.323221,2614,3355,0.779135,347,2265,2612,5557,1018,427,2332,1335,11702
203933,00,0,332,236,9554.0,2124,4191,0.5068,247,692,0.356936,647,830,0.779518,449,923,1372,397,327,168,341,791,5142
1629023,00,0,187,146,5481.0,820,1807,0.45379,308,821,0.375152,254,362,0.701657,233,838,1071,431,177,184,303,481,2202
1630613,00,0,48,7,968.0,173,427,0.405152,81,215,0.376744,46,61,0.754098,4,79,83,85,26,3,57,66,473
1629139,00,0,121,8,1447.0,165,403,0.409429,68,193,0.352331,58,87,0.666666,65,237,302,74,46,37,46,115,456
1630322,00,0,25,1,465.0,71,175,0.405714,53,146,0.363013,4,5,0.8,6,67,73,24,19,8,11,31,199
1630570,00,0,48,10,869.0,142,267,0.531835,9,38,0.236842,71,94,0.755319,57,142,199,81,25,28,44,116,364
1629683,00,0,42,0,272.0,33,73,0.452054,3,16,0.1875,19,23,0.826086,6,26,32,24,12,4,18,41,88
201566,00,0,1021,1004,35424.0,8322,19005,0.437884,1142,3746,0.304858,5512,7038,0.783177,1690,5851,7541,8611,1699,313,4188,2686,23298
1629632,00,0,195,72,5505.0,966,2338,0.413173,432,1183,0.365173,308,362,0.850828,73,623,696,679,116,32,335,433,2672
1628401,00,0,263,159,6806.0,1052,2381,0.441831,334,983,0.339776,589,703,0.837837,126,738,864,1006,205,203,356,568,3027
202355,00,0,511,332,12646.0,2687,4583,0.586297,8,26,0.307692,1068,1765,0.605099,1608,3915,5523,326,271,1143,756,1341,6450
1630580,00,0,29,0,205.0,20,56,0.357142,14,43,0.325581,7,13,0.538461,4,10,14,9,4,3,2,14,61
1630598,00,0,50,35,1209.0,156,337,0.462908,42,138,0.304347,62,85,0.729411,51,127,178,68,30,10,54,93,416
203952,00,0,598,598,20936.0,4284,9565,0.447882,837,2392,0.349916,2114,2924,0.722982,739,1910,2649,1393,595,399,1191,1298,11519
1629623,00,0,19,0,199.0,26,61,0.426229,9,26,0.346153,19,35,0.542857,3,22,25,23,5,1,12,17,80
1630314,00,0,24,16,640.0,105,282,0.37234,31,106,0.292452,68,97,0.70103,19,55,74,94,24,10,58,52,309
1629684,00,0,209,35,4056.0,400,890,0.449438,178,483,0.36853,155,200,0.775,171,459,630,210,100,117,168,510,1133
1629026,00,0,200,60,4410.0,523,1154,0.453206,170,491,0.346232,88,163,0.539877,265,633,898,400,171,67,180,407,1304
101150,00,0,1123,122,27102.0,5047,12045,0.419012,1457,4146,0.351423,4042,4803,0.841557,431,2053,2484,3789,952,192,1896,1439,15593
1630172,00,0,88,80,2406.0,309,630,0.490476,69,167,0.413173,121,166,0.728915,83,313,396,114,73,55,114,154,808
1630533,00,0,62,31,1346.0,191,424,0.450471,76,242,0.314049,43,55,0.781818,26,103,129,65,35,12,41,113,501
1629057,00,0,174,77,3460.0,557,765,0.728104,0,3,0.0,141,212,0.665094,438,717,1155,249,130,300,146,329,1255
1629627,00,0,85,85,2694.0,844,1397,0.604151,16,48,0.333333,483,707,0.683168,231,360,591,276,73,48,226,177,2187
1629685,00,0,81,0,972.0,94,228,0.41228,47,147,0.319727,36,45,0.8,41,155,196,67,33,15,48,84,271
1626159,00,0,315,117,8131.0,1040,2520,0.412698,215,683,0.314787,338,533,0.634146,315,1300,1615,792,277,126,457,705,2633
1630216,00,0,29,0,137.0,18,44,0.40909,10,23,0.434782,9,10,0.9,0,10,10,19,2,1,8,17,55
1630164,00,0,39,27,836.0,191,368,0.519021,12,38,0.315789,54,86,0.627906,55,171,226,26,11,36,60,121,448
1626174,00,0,222,122,5246.0,1152,2219,0.519152,275,724,0.379834,577,864,0.667824,334,1287,1621,299,137,190,316,396,3156
1630218,00,0,25,0,88.0,10,36,0.277777,2,10,0.2,5,10,0.5,9,18,27,5,1,4,2,7,27
1626153,00,0,411,70,8577.0,1080,2384,0.45302,276,779,0.3543,516,646,0.798761,322,996,1318,1246,474,148,397,446,2952
1630589,00,0,4,0,15.0,1,4,0.25,0,1,0.0,3,3,1.0,1,2,3,2,0,1,0,0,5
1630593,00,0,5,0,19.0,2,3,0.666666,1,2,0.5,0,0,0.0,0,0,0,3,0,0,1,1,5
1628221,00,0,2,0,21.0,2,7,0.285714,1,6,0.166666,3,5,0.6,0,2,2,4,2,1,1,4,8
201152,00,0,1085,711,31778.0,5970,11896,0.501849,515,1552,0.331829,1393,2102,0.662702,2179,4166,6345,2003,1535,448,1584,2349,13848
1629027,00,0,280,280,9400.0,2269,5161,0.439643,730,2057,0.354885,1808,2072,0.872586,184,901,1085,2544,262,42,1161,483,7076
1630209,00,0,56,12,706.0,130,247,0.526315,1,11,0.090909,38,61,0.62295,85,209,294,49,17,20,41,84,299
1627826,00,0,360,227,6844.0,1202,2013,0.597118,1,10,0.1,596,790,0.75443,804,1546,2350,410,112,304,382,808,3001
